time_s,envelope
0.000000000000000000e+00,1.102213204445351424e+00
1.000000000000000000e+00,7.510886787228150396e-01
2.000000000000000000e+00,1.547122534989317844e+00
3.000000000000000000e+00,2.155735654387851419e+00
4.000000000000000000e+00,2.668641772613355112e+00
5.000000000000000000e+00,2.944081715401949850e+00
6.000000000000000000e+00,3.084782368739223735e+00
7.000000000000000000e+00,2.974430588705517131e+00
8.000000000000000000e+00,2.731860955972139404e+00
9.000000000000000000e+00,2.339908738112344899e+00
1.000000000000000000e+01,1.928731554140796334e+00
1.100000000000000000e+01,1.600259223500041239e+00
1.200000000000000000e+01,1.496337284853967775e+00
1.300000000000000000e+01,1.648260584823462382e+00
1.400000000000000000e+01,1.929648362356043201e+00
1.500000000000000000e+01,2.233818367435365104e+00
1.600000000000000000e+01,2.457084711835953339e+00
1.700000000000000000e+01,2.587625107239253541e+00
1.800000000000000000e+01,2.567486791045844097e+00
1.900000000000000000e+01,2.425231421052623570e+00
2.000000000000000000e+01,2.172144416785233734e+00
2.100000000000000000e+01,1.901193918836387109e+00
2.200000000000000000e+01,1.747588784325366129e+00
2.300000000000000000e+01,1.826695693761644756e+00
2.400000000000000000e+01,2.109459909879159323e+00
2.500000000000000000e+01,2.439035506652686536e+00
2.600000000000000000e+01,2.701498616149502485e+00
2.700000000000000000e+01,2.804702361515323261e+00
2.800000000000000000e+01,2.742738736081399953e+00
2.900000000000000000e+01,2.511074822538020168e+00
3.000000000000000000e+01,2.178508498604643684e+00
3.100000000000000000e+01,1.824308438573541302e+00
3.200000000000000000e+01,1.581477413037285951e+00
3.300000000000000000e+01,1.560853625320853366e+00
3.400000000000000000e+01,1.746892900663231885e+00
3.500000000000000000e+01,2.024641065018232045e+00
3.600000000000000000e+01,2.279540576813015473e+00
3.700000000000000000e+01,2.458865702220547345e+00
3.800000000000000000e+01,2.513644916157688591e+00
3.900000000000000000e+01,2.442889615228636568e+00
4.000000000000000000e+01,2.244507078815847656e+00
4.100000000000000000e+01,1.968760746268481077e+00
4.200000000000000000e+01,1.711096814419944989e+00
4.300000000000000000e+01,1.620272113302311690e+00
4.400000000000000000e+01,1.790582585269493432e+00
4.500000000000000000e+01,2.129834973094467010e+00
4.600000000000000000e+01,2.489322352494933721e+00
4.700000000000000000e+01,2.744706395897699824e+00
4.800000000000000000e+01,2.841132432508886030e+00
4.900000000000000000e+01,2.745709748173878140e+00
5.000000000000000000e+01,2.483912631250523972e+00
5.100000000000000000e+01,2.106315947748905071e+00
5.200000000000000000e+01,1.724492273322351332e+00
5.300000000000000000e+01,1.505657531959279982e+00
5.400000000000000000e+01,1.582378020146290920e+00
5.500000000000000000e+01,1.881796980746849979e+00
5.600000000000000000e+01,2.226170221402221649e+00
5.700000000000000000e+01,2.501226095444684550e+00
5.800000000000000000e+01,2.639656998167736468e+00
5.900000000000000000e+01,2.626473328406674579e+00
6.000000000000000000e+01,2.460537420731472746e+00
6.100000000000000000e+01,2.184828885887676986e+00
6.200000000000000000e+01,1.872725114941520275e+00
6.300000000000000000e+01,1.653701074327390552e+00
6.400000000000000000e+01,1.662358770745488545e+00
6.500000000000000000e+01,1.898937647247782134e+00
6.600000000000000000e+01,2.232282915408506430e+00
6.700000000000000000e+01,2.526024115945264548e+00
6.800000000000000000e+01,2.702866953867355537e+00
6.900000000000000000e+01,2.717410922432098364e+00
7.000000000000000000e+01,2.572320260870969655e+00
7.100000000000000000e+01,2.293993961863896924e+00
7.200000000000000000e+01,1.957129335106251533e+00
7.300000000000000000e+01,1.681650525675851604e+00
7.400000000000000000e+01,1.614754298384257103e+00
7.500000000000000000e+01,1.800769713175663256e+00
7.600000000000000000e+01,2.121130937724247101e+00
7.700000000000000000e+01,2.437919658371194398e+00
7.800000000000000000e+01,2.654500794700138666e+00
7.900000000000000000e+01,2.724935946052281732e+00
8.000000000000000000e+01,2.625762058860813486e+00
8.100000000000000000e+01,2.371681491245429374e+00
8.200000000000000000e+01,2.005934942144805166e+00
8.300000000000000000e+01,1.628553359980090987e+00
8.400000000000000000e+01,1.415830362577377377e+00
8.500000000000000000e+01,1.524799784696586835e+00
8.600000000000000000e+01,1.875130301643016972e+00
8.700000000000000000e+01,2.269417227574009654e+00
8.800000000000000000e+01,2.579085661499239457e+00
8.900000000000000000e+01,2.733917074195215680e+00
9.000000000000000000e+01,2.713204346166738112e+00
9.100000000000000000e+01,2.524448883111485742e+00
9.200000000000000000e+01,2.216774061263164342e+00
9.300000000000000000e+01,1.878114123944632619e+00
9.400000000000000000e+01,1.648615481012058126e+00
9.500000000000000000e+01,1.662165067748575087e+00
9.600000000000000000e+01,1.903180994319398245e+00
9.700000000000000000e+01,2.230142814500251092e+00
9.800000000000000000e+01,2.513477065837726343e+00
9.900000000000000000e+01,2.679748860226487839e+00
1.000000000000000000e+02,2.691476113213549404e+00
1.010000000000000000e+02,2.548894904536188388e+00
1.020000000000000000e+02,2.280536484630732108e+00
1.030000000000000000e+02,1.958765606199610376e+00
1.040000000000000000e+02,1.706187422577103208e+00
1.050000000000000000e+02,1.667772709312520085e+00
1.060000000000000000e+02,1.875663103019237443e+00
1.070000000000000000e+02,2.205528381415705841e+00
1.080000000000000000e+02,2.516897967618902054e+00
1.090000000000000000e+02,2.715717254645871659e+00
1.100000000000000000e+02,2.755272615155005322e+00
1.110000000000000000e+02,2.620690801900994238e+00
1.120000000000000000e+02,2.332271563560666561e+00
1.130000000000000000e+02,1.944496021460300206e+00
1.140000000000000000e+02,1.566113404301597845e+00
1.150000000000000000e+02,1.376084672258470976e+00
1.160000000000000000e+02,1.507414075242951901e+00
1.170000000000000000e+02,1.853497159105266245e+00
1.180000000000000000e+02,2.227730430197837119e+00
1.190000000000000000e+02,2.514405385330076736e+00
1.200000000000000000e+02,2.654386856138096995e+00
1.210000000000000000e+02,2.627341240280226309e+00
1.220000000000000000e+02,2.442530506648607158e+00
1.230000000000000000e+02,2.143645160828216323e+00
1.240000000000000000e+02,1.817217386126993794e+00
1.250000000000000000e+02,1.603732762059137285e+00
1.260000000000000000e+02,1.638820089136178826e+00
1.270000000000000000e+02,1.902301160443690797e+00
1.280000000000000000e+02,2.246731921861662595e+00
1.290000000000000000e+02,2.542912488100959489e+00
1.300000000000000000e+02,2.714656269549529100e+00
1.310000000000000000e+02,2.727157644593456443e+00
1.320000000000000000e+02,2.579622718967689465e+00
1.330000000000000000e+02,2.306105473881569612e+00
1.340000000000000000e+02,1.982532312206271019e+00
1.350000000000000000e+02,1.736898531071460416e+00
1.360000000000000000e+02,1.711764267159402664e+00
1.370000000000000000e+02,1.927739127811215480e+00
1.380000000000000000e+02,2.256768605423913776e+00
1.390000000000000000e+02,2.558806309689246383e+00
1.400000000000000000e+02,2.744367037603412829e+00
1.410000000000000000e+02,2.766944420426972862e+00
1.420000000000000000e+02,2.617723387577817640e+00
1.430000000000000000e+02,2.319830278888920017e+00
1.440000000000000000e+02,1.936388628361830788e+00
1.450000000000000000e+02,1.583419120522236767e+00
1.460000000000000000e+02,1.433364746312924654e+00
1.470000000000000000e+02,1.581690061567052163e+00
1.480000000000000000e+02,1.907913961387859070e+00
1.490000000000000000e+02,2.243986596020365099e+00
1.500000000000000000e+02,2.485679592732873200e+00
1.510000000000000000e+02,2.584421194919099829e+00
1.520000000000000000e+02,2.523109473874721065e+00
1.530000000000000000e+02,2.316502997973178157e+00
1.540000000000000000e+02,2.006583887099354424e+00
1.550000000000000000e+02,1.679496771249182840e+00
1.560000000000000000e+02,1.477006781455830531e+00
1.570000000000000000e+02,1.535602053229412123e+00
1.580000000000000000e+02,1.824583831859833971e+00
1.590000000000000000e+02,2.188708893306046566e+00
1.600000000000000000e+02,2.503232672073477438e+00
1.610000000000000000e+02,2.691834143806016932e+00
1.620000000000000000e+02,2.722313144832986698e+00
1.630000000000000000e+02,2.590730651493546421e+00
1.640000000000000000e+02,2.333761219634864048e+00
1.650000000000000000e+02,2.028042257540225712e+00
1.660000000000000000e+02,1.802598158312953336e+00
1.670000000000000000e+02,1.792683361104813855e+00
1.680000000000000000e+02,2.010455455585887563e+00
1.690000000000000000e+02,2.332770109190533958e+00
1.700000000000000000e+02,2.623248066179186377e+00
1.710000000000000000e+02,2.797877291542892220e+00
1.720000000000000000e+02,2.810262741975325884e+00
1.730000000000000000e+02,2.658392767293149106e+00
1.740000000000000000e+02,2.368915254047019747e+00
1.750000000000000000e+02,2.015772102587696679e+00
1.760000000000000000e+02,1.721662178397823206e+00
1.770000000000000000e+02,1.638849863927164252e+00
1.780000000000000000e+02,1.812409094357519956e+00
1.790000000000000000e+02,2.116454541026007163e+00
1.800000000000000000e+02,2.404492820658247876e+00
1.810000000000000000e+02,2.579330372779515823e+00
1.820000000000000000e+02,2.600700189066987633e+00
1.830000000000000000e+02,2.455410254480524301e+00
1.840000000000000000e+02,2.170170840829091397e+00
1.850000000000000000e+02,1.793731823760682742e+00
1.860000000000000000e+02,1.420731296107497377e+00
1.870000000000000000e+02,1.203952882173538796e+00
1.880000000000000000e+02,1.279779218774648619e+00
1.890000000000000000e+02,1.580085688503525265e+00
1.900000000000000000e+02,1.937149613555137151e+00
1.910000000000000000e+02,2.249207388549939513e+00
1.920000000000000000e+02,2.454935101953581444e+00
1.930000000000000000e+02,2.531877270441833971e+00
1.940000000000000000e+02,2.466903781377009608e+00
1.950000000000000000e+02,2.284818486049347452e+00
1.960000000000000000e+02,2.043760802568732604e+00
1.970000000000000000e+02,1.859018160952152110e+00
1.980000000000000000e+02,1.870918718898725297e+00
1.990000000000000000e+02,2.114296996524768879e+00
2.000000000000000000e+02,2.484472634871726537e+00
2.010000000000000000e+02,2.833411684683889931e+00
2.020000000000000000e+02,3.064838794718211190e+00
2.030000000000000000e+02,3.114541882051033994e+00
2.040000000000000000e+02,2.980756086462584165e+00
2.050000000000000000e+02,2.693207271112175061e+00
2.060000000000000000e+02,2.345860078937128002e+00
2.070000000000000000e+02,2.073608302974635276e+00
2.080000000000000000e+02,2.013373662613102244e+00
2.090000000000000000e+02,2.175100447471675746e+00
2.100000000000000000e+02,2.428323858285600600e+00
2.110000000000000000e+02,2.639369983855742507e+00
2.120000000000000000e+02,2.717713943621266726e+00
2.130000000000000000e+02,2.640354656518164145e+00
2.140000000000000000e+02,2.401474815534006879e+00
2.150000000000000000e+02,2.044614006623437508e+00
2.160000000000000000e+02,1.619801841939050968e+00
2.170000000000000000e+02,1.226434618704863810e+00
2.180000000000000000e+02,1.019180835785657324e+00
2.190000000000000000e+02,1.118992140265159918e+00
2.200000000000000000e+02,1.414077197526437235e+00
2.210000000000000000e+02,1.733516282579347756e+00
2.220000000000000000e+02,1.996473251753067002e+00
2.230000000000000000e+02,2.150469736450532299e+00
2.240000000000000000e+02,2.192658540904372622e+00
2.250000000000000000e+02,2.108962172984784722e+00
2.260000000000000000e+02,1.927706011981801471e+00
2.270000000000000000e+02,1.685698333491798762e+00
2.280000000000000000e+02,1.462119243352480114e+00
2.290000000000000000e+02,1.391058178652735844e+00
2.300000000000000000e+02,1.555226382012838915e+00
2.310000000000000000e+02,1.919042739695768329e+00
2.320000000000000000e+02,2.343461729628050882e+00
2.330000000000000000e+02,2.745927201945086438e+00
2.340000000000000000e+02,3.031836403386467982e+00
2.350000000000000000e+02,3.175341100725657117e+00
2.360000000000000000e+02,3.147383886541682330e+00
2.370000000000000000e+02,2.989512174889772389e+00
2.380000000000000000e+02,2.796461328895052834e+00
2.390000000000000000e+02,2.714182817868052489e+00
2.400000000000000000e+02,2.882816088061202819e+00
2.410000000000000000e+02,3.261731501607497918e+00
2.420000000000000000e+02,3.722972122087155888e+00
2.430000000000000000e+02,4.072327165623067735e+00
2.440000000000000000e+02,4.227695048370674336e+00
2.450000000000000000e+02,4.092127380770146594e+00
2.460000000000000000e+02,3.720014193364364008e+00
2.470000000000000000e+02,3.168809139077850112e+00
2.480000000000000000e+02,2.676951484248045077e+00
2.490000000000000000e+02,2.497535442644091219e+00
2.500000000000000000e+02,2.767439895549622442e+00
2.510000000000000000e+02,3.221658991757194723e+00
2.520000000000000000e+02,3.595235507546560072e+00
2.530000000000000000e+02,3.695667922126865346e+00
2.540000000000000000e+02,3.399092182389765071e+00
2.550000000000000000e+02,2.623718323868591273e+00
